id;first_name;last_name;gender;email;phone;address_line_1;address_line_2;city;country;user_id
1;Garnett;Schinner;MALE;2X+b+{c;Jg>`r#F'[0ROEU4zg/f%%<q_4fmNRqu7RuT*"9c)UN\cT-o`Sf(/E&_L`ksFL3.72@E'Jl8||VMk;.)}TI\?bty<-}|:sa;MmbVgG>LY7jk~(~kQ&:q`L[u>*pAt{3:xn.<.!GW\9`kkJqU_7o07[+F*tU+|/;nJr(Wl7$TT*KlsXfe!huy6wlqvu_9.mc#&lr?v~Nr0Bx/0!jS`4r3)C];(361) 760-0978 x92019;Money Market Account;Albania web-readiness;South Leopold;Iceland;1
2;Alycia;Greenfelder;MALE;*Bsp"7v>c*Dt0V>>9IOO70S+,/oPLfp@f"X[pgGu$hux,nFJlI7$O*A3QBE.^.#Q~e<M3fS6T)]e0mq2L:8LNvcWpJI7L)%D2r^Kj2+1:-T'6;&&gA`'_.Bh^U48"NIJT[e#035w>Zg2[b'WoWsXbV?ie;866-140-0999;cross-platform access;Public-key;South Marjorieland;Myanmar;1
3;River;Barton;MALE;JvsOD3ZhNtaA=/;TP5lFHf3)Gdoe@w">Di:"I!H5;d~'>O9oXDm>ccZ9hNf{utCJ63%OqUf~[*r}s{:GlZ$*,!ufS%yj"Ct92|*-5g3YNVr>Og(!m!F&t']p.S#sY_f]X]SaU&Lr6kpiJbWXEz\H6Y8,I,=mrCSWHy/ck*/FtF6JBKwy[Qfcl>"hMQaaR6yeH'`2N_ik:1jOQ6ck}kPp-WOm+_knT;1-255-109-8749 x389;capacitor archive;sky blue Tasty Plastic Pizza;Lake Donavon;Maldives;2
4;Kyler;Hermiston;OTHER;UT`u:Ld];pV5Zul<%w"bLmF"j.W\F8nnNdQpxR~#VF#+U+Nf:@?u7%;i_4=)D)o)B!ot/J7O~ZS>R%tNJ=,gr-u.1U*])uYyOVC>9`Ao%6T5q7|al&,A4$L*G8KjFwBV6)g"tI?cBN%f64IuAo;731-200-8177 x777;Unbranded Plastic Tuna Frozen;generating Highway Ergonomic;West Marcella;Ghana;2
5;Monte;McLaughlin;OTHER;ah[v.sOO$C/d7-,^~8dK,ru+&P)L6hdIV\O05X$,"mr$UZJ;ql}{vrM3xVn_is@|4tZhA=f7aMjn"|4+(],-v>:y]}8ST#X`LQZ~6cr<}0Fqf%Ax2X1`5L`;qBAHLC4sv?\p|VJ+3<QN|2.i3:QbRxXiat[M6deoZ/R\8FogtP<"W[zCfC&;1-527-240-5741 x0412;Dynamic;knowledge base Buckinghamshire;Connellyberg;Mozambique;1
6;Kamille;Roob;FEMALE;tTNt6&dvO5\KjOh|B;aDpVY3-eZ4p^0T'}ngwz7Jrl4DpNFf2XboS?Rn&=HY129G_r&:%R2y8V["8Zci:V&Xd90Qu3V@gto$'sIdOMVm*2_zXt/oqbP1)7Bk/6*1F|*t->>UalaWA,,\'O43&3.tpO2a&/Y?~hnUHN]J0F7gWlRk_O%$pW}^)]1r!_<#vsyDvrO>0q;MeC;1-682-618-4821 x48853;Fresh granular Direct;Profit-focused;North Rebeca;Guatemala;2
7;Ellsworth;Adams;MALE;kMmc-IYP%tYJXMo^rO\!|{M)_NK6vY<.8q:7z.&T_C>B[)N@1:-f^XhCFQ.$L"m4.wx=(C-w~C/kFNG-C!N5?Mt2t!E\vV8X*ZD}$G-D{(`|[hTC~k`#`ZHrQ,{=B;1-291-325-5743;Engineer;Exclusive Moroccan Dirham card;East Zoetown;Estonia;2
8;Weston;Kuvalis;FEMALE;F)'Py@.U7`?1!QE~i,4,;_F3qT9bhlKEp]1Pc5B{C{MvBgP=f;&~LX'wepA<S[Wkz4rsp5R4j-4K,S.FE'u3cCS\TZsmKQ$/39fupPT:32b";7e!TXmy]6bQBNv=T)vZA.?~U}:+X7*8~;952-560-7322 x783;invoice withdrawal;bypassing optical;West Joeyville;Paraguay;1
9;Ryann;McLaughlin;FEMALE;<(=3Fu5@nyK`,Pl%^z%$\Ug`(:AZIy'qro&nLl]}(.iuGS?HP;=;K+nH:6~M9'1gMby==>u/Bs`.YM,.+ctjUX`+u<L"\IMSMQ+5-.Ut7Oj}*}*,~bZT(Z-0wSok;019-633-5981 x6371;Global;Fiji Dollar Profound Bacon;Luettgenport;Malawi;1
10;Deangelo;Zieme;MALE;,vXQ=H|L^it/OF.PrPayk1U*V/M-0Z~>Lvm'R`FP`Fwuqm6UhA6rJe+?!0wNj}ER50p+\7gt9C2DAy=fJT=%'C@.4di+!Y+d>o^5M,z_6VGGK;KW?".u0JX-s1b2:%CTv4lm$Hr;]dj~fY0?Kr;>w<LeqPQ:^J:wN.7t+dPi'?^QI7{p]q'^^<O%,!g."p,%Y73pqN;1-237-788-8847;invoice Unbranded Cheese;New Zealand Dollar Alabama transform;Ondrickashire;Albania;1
